MONTH,Revenue,Orders,Quantity,Average Order Value
Jan,1820601,2461,2717,739.7809833401056
Feb,1875932,2503,2770,749.4734318817419
Mar,1928066,2599,2843,741.8491727587534
Apr,1829263,2480,2704,737.6060483870967
May,1797822,2401,2641,748.780508121616
Jun,1750966,2372,2612,738.181281618887
Jul,1772300,2340,2592,757.3931623931624
Aug,1808505,2404,2629,752.2899334442595
Sep,1688871,2278,2508,741.383230904302
Oct,1666662,2234,2436,746.0438675022382
Nov,1615356,2212,2395,730.2694394213381
Dec,1622033,2187,2390,741.6703246456333
