STATE,Revenue,Orders,Quantity
MAHARASHTRA,3001779,4458,4551
KARNATAKA,2645078,3946,4022
UTTAR PRADESH,2104133,2854,2907
TELANGANA,1718226,2512,2552
TAMIL NADU,1678212,2650,2708
DELHI,1261865,1814,1830
KERALA,1008176,1541,1555
WEST BENGAL,921202,1418,1432
ANDHRA PRADESH,910862,1355,1369
HARYANA,812063,1110,1126
GUJARAT,714056,1050,1059
MADHYA PRADESH,568746,768,774
RAJASTHAN,547426,751,755
BIHAR,421880,548,553
ODISHA,414840,570,574
PUNJAB,370706,507,510
UTTARAKHAND,326431,452,453
ASSAM,326423,479,479
JHARKHAND,256601,358,359
GOA,184169,306,307
CHHATTISGARH,175160,245,247
JAMMU & KASHMIR,148089,202,203
HIMACHAL PRADESH,140754,189,189
MANIPUR,78865,101,101
CHANDIGARH,64328,94,94
SIKKIM,54916,72,72
ANDAMAN & NICOBAR,51970,72,75
PUDUCHERRY,48553,78,79
NAGALAND,43510,51,55
ARUNACHAL PRADESH,36238,47,47
TRIPURA,30961,47,47
MEGHALAYA,25988,40,40
LADAKH,23364,27,27
Bihar,18599,23,23
DADRA AND NAGAR,14980,21,21
MIZORAM,12182,20,21
New Delhi,10432,11,12
Delhi,2869,5,5
Punjab,1143,2,2
Arunachal pradesh,602,2,2
